sym,ipo,a_ret,a_q,a_days,b_ret,b_q,b_days
UBER,2019-05-10,-0.23887419721131586,0.22632432432432426,252,-0.056281871380718385,0.039034852546916854,22
LYFT,2019-03-29,-0.6561502138013786,0.06872947854638545,252,,,0
PINS,2019-04-18,-0.2856557140296516,0.13527936389348438,252,-0.18070882443037772,0.0148627846488667,18
ZM,2019-04-18,1.4030646047284527,0.13527936389348438,252,-0.0032229484853091295,-0.01262019230769229,54
CRWD,2019-06-12,0.6386207054401267,0.28342656575627956,252,-0.026819898872152192,-0.018533061096277614,30
BYND,2019-05-02,0.3920912052439798,0.13075369405761683,252,0.5645408654158042,0.05064673756826665,52
PTON,2019-09-26,2.793866556233946,0.4339423381560883,252,0.039260988288526866,0.06051887494419361,29
DDOG,2019-09-19,1.2820240794261637,0.3838933831155362,252,-0.12515548522447817,0.012302197529639347,17
SNOW,2020-09-16,0.27405189755092607,0.377626452059284,252,-0.11370603702482396,0.015482599669235375,13
ABNB,2020-12-10,0.24676933037317128,0.3156485521618406,252,0.10088824838101451,0.0037337045943550695,47
DASH,2020-12-09,-0.1300722632631136,0.30672729083004224,252,-0.09630712518429718,0.02408256880733939,28
U,2020-09-18,0.8662765238669456,0.3703301232809981,252,0.4659271131348688,0.15307199662185944,69
PLTR,2020-09-30,1.5305264121607731,0.28836740570112296,252,1.343434333703966,0.1397805631984783,68
ASAN,2020-09-30,2.6055555239135826,0.28836740570112296,252,0.165993272004477,0.022424735557363684,55
RBLX,2021-03-10,-0.3614388335522988,0.07755404014410705,252,-0.15612437186513728,-0.012301820317087486,5
COIN,2021-04-14,-0.543529893198702,0.008736738878488026,252,-0.14484001444795247,-0.015412788036014091,19
BMBL,2021-02-11,-0.5807139728931325,0.07128340008368705,252,,,0
AFRM,2021-01-13,-0.18237946700406538,0.22563599544361468,252,-0.19615690861022295,-0.001942734174188443,3
HOOD,2021-07-29,-0.7400918934505307,-0.13921632831259556,252,0.40602334943605034,0.07267210316707762,62
RIVN,2021-11-10,-0.6727886629003681,-0.2740879566635003,252,,,0
PATH,2021-04-21,-0.7233333311219146,0.005658875887883497,252,-0.1362782627962429,-0.007548645153529154,7
AI,2020-12-09,-0.6530435626146955,0.30672729083004224,252,,,0
UPST,2020-12-16,3.772310915050367,0.2519904200919152,252,-0.05347341732686095,-0.024390243902439157,27
DUOL,2021-07-28,-0.2927638188898699,-0.15313123581991628,252,-0.008021574397258258,-0.0730283911671924,21
CPNG,2021-03-11,-0.6154314612374088,0.04159854106401695,252,,,0
TOST,2021-09-22,-0.7157254689664209,-0.24217333658035012,252,-0.233210711660363,0.001182367304973564,6
NU,2021-12-09,-0.6195546857906218,-0.2836715515708734,252,-0.09727949662349766,-0.02864096266083782,17
GTLB,2021-10-14,-0.5964000331936312,-0.2888197910700161,252,,,0
S,2021-06-30,-0.45105882532456343,-0.20920915272409235,252,-0.1025592015751462,0.004415798134942195,7
DOCS,2021-06-24,-0.21698113207547165,-0.15799251193232156,252,-0.111694296161152,-0.0037751222161868103,7
OSCR,2021-03-03,-0.797988495289342,0.12310777590891453,252,,,0
FIGS,2021-05-27,-0.7051965274310658,-0.10078707041576551,252,-0.2025862581954916,0.019253060416725587,12
CAVA,2023-06-15,1.1457287588100513,0.310052395613893,252,-0.12931680832405912,-0.02607447571963961,16
ARM,2023-09-14,1.1764427357192258,0.25438015214567833,252,0.9148402888158129,0.10667248594387835,96
BIRK,2023-10-11,0.24427859473767266,0.3290232207316415,252,0.05092163610074674,0.09012278940458729,41
KVYO,2023-09-20,0.039072120255659204,0.3234212980742852,252,-0.07452058138912676,0.042530299031648955,20
RDDT,2024-03-21,1.4867169651102667,0.10673514701594633,252,-0.05869860327576781,-0.03349151112517135,29
ALAB,2024-03-20,0.18942447575739219,0.10566284336480614,252,-0.19183191828980484,0.016891969959560882,7
TEM,2024-06-14,0.7167701484253688,0.10392537406874092,252,0.1057927683118336,-0.07591570294556138,39
RBRK,2024-04-25,0.9118918341559332,0.12034397455530677,252,0.8005682923459492,0.0679875758744597,90
LOAR,2024-04-25,0.9784837000250222,0.12034397455530677,252,-0.11719008516674201,0.030720908719316764,13
CRWV,2025-03-28,0.9367500305175782,0.23081844159167475,252,0.9446727775392838,0.08857813378847523,45
CRCL,2025-06-05,-0.008410483592494078,0.36448865260389884,252,,,0
FIG,2025-07-31,-0.7842424235818706,0.23904001699084976,252,,,0
KLAR,2025-09-11,-0.6665886888072021,0.21418298863169416,252,,,0
NBIS,2024-10-21,4.308000183105468,0.23244923499253156,252,0.012815531017710713,-0.002095907159075372,36
CBRS,2026-05-14,-0.42890671002130654,0.03432945720279523,95,,,0
SOUN,2022-04-28,-0.6573333422342936,-0.01774336148288158,252,-0.0626249513473619,-0.02330572861267277,32
BBAI,2021-04-05,-0.149542246026244,0.0930373055429694,252,-0.006097603525028306,0.07677390921110616,34
DNA,2021-04-19,-0.6413043445482923,-0.0005606704438149146,252,-0.09544653404346826,-0.045333192355475616,16
OPEN,2020-06-18,0.5466493185739196,0.4026117570001637,252,-0.06307055741511047,-0.0143434114671801,6
SOFI,2021-01-04,0.2852459467472943,0.29863243994697886,252,0.03862333627592607,0.07250315612287817,52
RENT,2021-10-27,-0.9077242104703614,-0.28192105263157896,252,,,0
ONON,2021-09-15,-0.4679999760219029,-0.22999603227086363,252,-0.08088793773993341,-0.015905669844455628,25
MNDY,2021-06-10,-0.3806115953492213,-0.12031732040546506,252,0.46839222379000134,0.07364626853444745,59
TTAN,2024-12-12,0.0407921064018022,0.16191832858499522,252,-0.04256422116809544,0.1334526954737003,31
SAIL,2025-02-13,-0.2886363809758966,0.12203769359955219,252,,,0
CHYM,2025-06-12,-0.5246564511042371,0.39414608552261754,252,,,0
ETOR,2025-05-13,-0.2003845801720252,0.396051125894606,252,,,0
