entry,exit,dte,e1,e2,x1,x2,sret,debit,val,r_mid,r_base,r_2x,oos
2017-11-15,2017-11-16,30,3.31,2.63,4.38,3.59,0.008501013882389774,0.6800000000000002,0.79,0.15922444183313722,0.039400665926747624,-0.06782334384858058,False
2018-02-02,2018-02-13,42,5.62,5.0,1.52,1.28,-0.03430749682337986,0.6200000000000001,0.24,-0.6146907216494846,-0.6985472154963681,-0.7728310502283106,False
2018-03-01,2018-03-05,50,6.28,5.67,7.98,7.28,0.01677250653716844,0.6100000000000003,0.7000000000000002,0.14472822527832307,0.012907191149354125,-0.10364794441227576,False
2018-03-19,2018-04-03,32,5.58,4.92,1.02,0.8,-0.03593478501977898,0.6600000000000001,0.21999999999999997,-0.6682808716707023,-0.7442922374429225,-0.8120950323974083,False
2018-04-24,2018-04-26,24,4.54,3.96,6.68,5.94,0.012662559890485925,0.5800000000000001,0.7399999999999993,0.2727272727272714,0.1262886597938131,-0.0024213075060542932,False
2018-05-29,2018-06-01,52,5.1,4.48,7.06,6.33,0.01702475652367874,0.6199999999999992,0.7299999999999995,0.17461340206185638,0.042978208232445914,-0.07363013698630094,False
2018-06-19,2018-07-02,31,3.23,2.64,1.08,0.78,-0.013212341197822108,0.5899999999999999,0.30000000000000004,-0.4935680433310764,-0.5890932149651236,-0.6732259988073941,False
2018-08-13,2018-08-17,39,4.34,3.69,5.64,4.87,0.010492733073378169,0.6499999999999999,0.7699999999999996,0.18192993239090294,0.05558772437753268,-0.05692391899288496,False
2018-09-06,2018-09-11,43,3.94,3.36,3.94,3.32,0.003088561910050025,0.5800000000000001,0.6200000000000001,0.06611570247933884,-0.06701030927835061,-0.18401937046004835,False
2018-10-04,2018-10-16,43,5.48,4.8,1.26,1.01,-0.031232725262576033,0.6800000000000006,0.25,-0.6339600470035256,-0.70976692563818,-0.7776025236593062,False
2019-03-06,2019-03-11,43,4.78,4.18,5.0,4.36,0.004002451952547448,0.6000000000000005,0.6399999999999997,0.06391478029294118,-0.06491885143570686,-0.17861339600470139,False
2019-05-09,2019-05-16,43,6.64,5.98,5.52,4.86,0.003627991348635895,0.6599999999999993,0.6599999999999993,-0.002421307506053294,-0.1164383561643838,-0.21814254859611248,False
2019-05-29,2019-06-04,23,4.79,4.21,5.54,4.89,0.008121608509720657,0.5800000000000001,0.6500000000000004,0.11776859504132275,-0.01868556701030899,-0.13861985472154914,False
2019-07-31,2019-08-08,51,6.64,5.99,4.25,3.7,-0.012809736744780253,0.6499999999999995,0.5499999999999998,-0.1561155500921939,-0.2628836132020844,-0.3579638752052543,False
2019-09-20,2019-10-04,28,4.54,3.92,1.68,1.27,-0.013175539761297927,0.6200000000000001,0.4099999999999999,-0.34085051546391787,-0.44128329297820845,-0.5302511415525116,False
2019-12-03,2019-12-06,45,5.42,4.82,8.0,7.26,0.01718623808754649,0.5999999999999996,0.7400000000000002,0.23035952063914888,0.09113607990012551,-0.03172737955346561,False
2020-01-27,2020-02-04,25,5.34,4.72,7.81,7.03,0.017187017001545568,0.6200000000000001,0.7799999999999994,0.2551546391752564,0.11864406779660874,-0.0022831050228320215,False
2020-02-24,2020-03-02,25,7.88,7.24,1.38,1.16,-0.04134358910737557,0.6399999999999997,0.21999999999999997,-0.65792759051186,-0.7367802585193889,-0.806881243063263,False
2020-09-08,2020-09-15,38,10.45,9.89,12.29,11.6,0.02088772845953013,0.5599999999999987,0.6899999999999995,0.22895863052781928,0.08055925432756461,-0.049313358302121135,False
2020-09-18,2020-09-25,28,7.82,7.24,5.76,5.22,-0.005806744291546817,0.5800000000000001,0.54,-0.07162534435261725,-0.195876288659794,-0.30508474576271194,False
2020-10-19,2020-10-23,32,10.49,9.87,11.7,11.04,0.011023069500891713,0.620000000000001,0.6600000000000001,0.06185567010309123,-0.06295399515738631,-0.1735159817351607,False
2020-10-28,2020-11-03,23,11.99,11.31,15.48,14.64,0.02868425886242565,0.6799999999999997,0.8399999999999999,0.23266745005875467,0.10876803551609338,-0.002103049421661174,False
2020-12-14,2020-12-15,32,7.7,7.11,10.0,9.33,0.013519442768606282,0.5899999999999999,0.6699999999999999,0.1327014218009479,-0.0025364616360178394,-0.12164579606440062,False
2021-01-27,2021-02-02,23,10.1,9.45,11.71,10.8,0.019070003472129393,0.6500000000000004,0.9100000000000001,0.39704978488014686,0.2582513028372895,0.13464696223316874,False
2021-02-22,2021-02-24,25,7.37,6.75,9.48,8.74,0.012247112626928125,0.6200000000000001,0.7400000000000002,0.19072164948453607,0.05811138014527839,-0.059360730593607136,False
2021-05-12,2021-05-14,37,11.33,10.71,16.12,15.3,0.027552354406650048,0.6199999999999992,0.8200000000000003,0.31958762886598135,0.17917675544794354,0.05479452054794676,False
2021-06-18,2021-06-22,28,7.25,6.6,11.06,10.09,0.019738744818278198,0.6500000000000004,0.9700000000000006,0.48924400737553797,0.345107122177186,0.2167487684729068,False
2021-07-16,2021-07-21,35,7.9,7.24,9.15,8.41,0.0074419251634443295,0.6600000000000001,0.7400000000000002,0.11864406779661008,-0.0022831050228311334,-0.11015118790496747,False
2021-08-18,2021-08-20,30,7.84,7.18,9.24,8.48,0.00951773760189445,0.6600000000000001,0.7599999999999998,0.14891041162227547,0.02625570776255648,-0.08315334773218186,False
2021-09-09,2021-09-23,36,6.96,6.34,2.89,2.47,-0.012918170074390889,0.6200000000000001,0.41999999999999993,-0.3247422680412374,-0.42615012106537553,-0.5159817351598175,False
2021-09-30,2021-10-06,50,12.62,11.97,14.71,14.01,0.013422193223656675,0.6499999999999986,0.7000000000000011,0.0743700061462853,-0.045744064852341726,-0.15270935960590815,False
2021-11-26,2021-12-07,21,9.15,8.63,11.57,10.75,0.020284550188465422,0.5199999999999996,0.8200000000000003,0.5729646697388651,0.38944365192582153,0.2303595206391491,False
2021-12-20,2021-12-22,32,10.65,9.72,17.46,16.66,0.027935293859070676,0.9299999999999997,0.8000000000000007,-0.14138375590889463,-0.2179645653069625,-0.28848436881677786,False
2022-01-05,2022-01-11,44,10.98,10.33,10.31,9.65,0.0029249754472864264,0.6500000000000004,0.6600000000000001,0.012907191149354125,-0.10364794441227598,-0.20744389709906963,True
2022-01-18,2022-01-28,31,11.3,10.64,3.49,3.17,-0.03185173826370791,0.6600000000000001,0.3200000000000003,-0.5169491525423726,-0.6015981735159814,-0.677105831533477,True
2023-02-21,2023-03-03,24,9.14,8.54,9.07,8.25,0.012779072389686563,0.6000000000000014,0.8200000000000003,0.36351531291610906,0.21598002496878665,0.08578143360751866,True
2023-04-25,2023-04-27,24,8.82,8.15,11.21,10.43,0.015588061465721115,0.6699999999999999,0.7800000000000011,0.16159809183065166,0.03995498030388456,-0.0687266915290341,True
2023-05-04,2023-05-05,43,11.06,10.41,15.22,14.47,0.01851257621010549,0.6500000000000004,0.75,0.15119852489243946,0.026635784597567325,-0.08429118773946398,True
2023-05-24,2023-05-26,23,7.92,7.27,13.5,12.6,0.021722737113527568,0.6500000000000004,0.9000000000000004,0.38168408113091545,0.24377533294730713,0.12096332785987962,True
2023-08-03,2023-08-14,43,10.48,9.82,7.26,6.65,-0.0016264147580428157,0.6600000000000001,0.6099999999999994,-0.07808716707021901,-0.18778538812785506,-0.2856371490280786,True
2023-08-16,2023-08-23,30,8.25,7.64,8.62,7.94,0.007710854335365225,0.6100000000000003,0.6799999999999988,0.1119842829076596,-0.017824216349111244,-0.1325998841922429,True
2023-09-07,2023-09-11,43,8.36,7.76,9.72,9.03,0.008092615488366706,0.5999999999999996,0.6900000000000013,0.14713715046604792,0.013108614232212101,-0.10517038777908105,True
2023-09-20,2023-10-04,30,7.37,6.78,0.99,0.82,-0.03187123837315331,0.5899999999999999,0.17000000000000004,-0.7136086662153012,-0.7951807228915662,-0.8670244484197972,True
2023-10-19,2023-10-31,29,9.74,9.13,2.82,2.47,-0.01929976783997378,0.6099999999999994,0.34999999999999964,-0.42829076620825157,-0.5248924400737556,-0.6103068905616679,True
2024-01-03,2024-01-08,44,9.94,9.31,12.62,11.89,0.012393609078692025,0.629999999999999,0.7299999999999986,0.15599239061509151,0.027429934406677958,-0.0866629150253242,True
2024-01-17,2024-01-18,30,8.14,7.52,10.54,9.83,0.008892841262783335,0.620000000000001,0.7099999999999991,0.14239690721649145,0.012711864406776519,-0.102168949771692,True
2024-04-04,2024-04-18,43,11.95,11.33,3.83,3.5,-0.02666043030869969,0.6199999999999992,0.33000000000000007,-0.46971649484536004,-0.5623486682808712,-0.6444063926940634,True
2024-04-19,2024-04-23,28,10.3,9.71,15.91,15.12,0.021124485014944572,0.5899999999999999,0.7900000000000009,0.33581584292484945,0.18769816106531545,0.05724508050089616,True
2024-05-30,2024-06-04,22,6.4,5.83,9.64,8.92,0.011059872562714013,0.5700000000000003,0.7200000000000006,0.2599859845830417,0.11198428290766249,-0.017824216349108135,True
2024-07-19,2024-07-31,28,9.42,8.81,9.25,8.61,0.003315178782855588,0.6099999999999994,0.6400000000000006,0.0464963981663411,-0.0792870313460341,-0.19050376375216982,True
2024-08-05,2024-08-08,46,22.76,22.09,25.15,24.39,0.025648459546175006,0.6700000000000017,0.759999999999998,0.13178294573642813,0.011817670230720445,-0.09536494405967433,True
2024-09-06,2024-09-11,42,13.72,13.12,21.36,20.56,0.026019690576652543,0.6000000000000014,0.8000000000000007,0.33022636484686885,0.1847690387016212,0.05640423031727271,True
2024-10-23,2024-10-28,23,10.94,10.32,11.78,11.11,0.004913579819720182,0.6199999999999992,0.6699999999999999,0.07796391752577425,-0.04782082324455117,-0.1592465753424649,True
2024-10-31,2024-11-05,50,17.18,16.53,20.49,19.75,0.014174169949352944,0.6499999999999986,0.7399999999999984,0.13583282114320827,0.012159814707584982,-0.09797482211275343,True
2024-11-15,2024-11-21,35,10.91,10.27,15.28,14.53,0.013521126760563273,0.6400000000000006,0.75,0.16916354556803892,0.041715628672149396,-0.07158712541620493,True
2024-12-18,2024-12-23,30,12.53,11.9,16.06,15.29,0.014344681722044283,0.629999999999999,0.7699999999999996,0.21940393151553694,0.08706022659511103,-0.030388294879008737,True
2024-12-31,2025-01-03,52,14.89,14.24,17.46,16.75,0.01001569751569753,0.6500000000000004,0.7100000000000009,0.08973570989551383,-0.031268094962361936,-0.13902572523262102,True
2025-02-21,2025-03-07,28,10.53,9.87,0.94,0.8,-0.04003733706704016,0.6600000000000001,0.1399999999999999,-0.7893462469733659,-0.8584474885844751,-0.9200863930885531,True
2025-05-21,2025-05-27,30,12.16,11.55,15.77,15.03,0.014222969495247595,0.6099999999999994,0.7400000000000002,0.2102161100196478,0.07437000614628264,-0.045744064852343946,True
2025-07-31,2025-08-08,50,31.62,30.63,31.62,30.63,0.008068598911530112,0.990000000000002,0.990000000000002,-0.0016148566814695453,-0.0791618160651919,-0.15091520358610355,True
2025-08-19,2025-08-22,31,10.27,9.62,12.66,11.93,0.008596302027164215,0.6500000000000004,0.7300000000000004,0.12046711739397664,-0.0023161551823972504,-0.11165845648604245,True
2025-10-10,2025-10-20,42,18.13,17.48,27.1,26.28,0.027993017059201764,0.6499999999999986,0.8200000000000003,0.2587584511370651,0.12796757382744905,0.011494252873565536,True
2025-11-17,2025-11-24,32,15.78,15.14,14.82,14.12,0.004596872324124757,0.6399999999999988,0.7000000000000011,0.0911360799001284,-0.031727379553463386,-0.14095449500554647,True
2025-12-17,2025-12-19,30,12.75,12.02,17.2,16.15,0.01368781650283002,0.7300000000000004,1.0500000000000007,0.4356869184455394,0.309289050337312,0.19536260483473145,True
2025-12-31,2026-01-05,51,15.68,15.12,18.25,17.45,0.00850539652745197,0.5600000000000005,0.8000000000000007,0.4251069900142652,0.26364846870838865,0.12234706616729119,True
2026-01-20,2026-01-26,31,14.39,13.74,21.58,20.69,0.02235898344106957,0.6500000000000004,0.889999999999997,0.3663183773816787,0.22929936305731968,0.10727969348658539,True
2026-02-05,2026-02-09,43,17.73,17.09,26.64,25.84,0.024099052566335155,0.6400000000000006,0.8000000000000007,0.247191011235955,0.11515863689776729,-0.002219755826858849,True
2026-02-12,2026-02-18,36,16.39,15.74,17.71,16.51,0.0073685910138416855,0.6500000000000004,1.1999999999999993,0.8426551936078652,0.6780544296467843,0.5314723590585644,True
2026-03-03,2026-03-17,45,18.07,17.42,9.38,8.85,-0.014022606676171945,0.6499999999999986,0.5300000000000011,-0.18684695759065417,-0.2918355529820468,-0.3853311439518309,True
2026-06-05,2026-06-12,42,15.2,14.61,16.7,16.45,0.005694529184462116,0.5899999999999999,0.25,-0.5781990521327014,-0.6683576410906784,-0.7477638640429338,True
2026-06-26,2026-06-29,21,14.21,13.64,19.03,18.29,0.016474848763357475,0.5700000000000003,0.740000000000002,0.2950245269796803,0.14472822527832596,0.012907191149357233,True
2026-07-20,2026-07-31,32,14.74,14.1,12.99,12.43,0.006656874503092602,0.6400000000000006,0.5600000000000005,-0.12734082397003754,-0.23736780258519397,-0.33518312985571574,True
2026-09-01,2026-09-03,45,15.23,14.62,21.07,20.46,0.014951823361075256,0.6100000000000012,0.6099999999999994,-0.00261951538965588,-0.12538414259373343,-0.2339316734221214,True
2026-09-10,2026-09-17,36,14.77,14.15,13.8,13.16,0.006294287637069074,0.6199999999999992,0.6400000000000006,0.029639175257734074,-0.09322033898304904,-0.2020547945205462,True
