date,sym,side,rel_vol,entry,exit,reason,ret,R
2026-03-13,META,-1,2.6486294069436567,617.67,614.17,close,0.0046664561982935875,0.37360077770576644
2026-03-13,COIN,-1,1.5872629956092768,200.7594,195.555,close,0.024923568211500893,0.7854268985652836
2026-03-13,MU,1,1.3509866757298383,419.8,425.33,close,0.012172939494997554,0.7514999999999948
2026-03-13,HOOD,-1,1.1512121881873558,75.71,73.32,close,0.030567824593844946,1.2053593749999993
2026-03-16,MU,1,2.334478134271644,454.1899,446.08,stop,-0.018855747122514258,-1.0560043773659353
2026-03-16,META,-1,1.9599174645070396,625.8,627.54,close,-0.0037804410354746075,-0.35048888888889024
2026-03-16,KO,-1,1.808055305967652,77.83,78.12,stop,-0.004726069638956781,-1.2683793103448218
2026-03-16,LCID,-1,1.1822309949243652,10.0586,9.875,close,0.01725303720199632,0.9566780595369361
2026-03-17,DIS,1,2.6796387124440515,100.34,100.37,close,-0.0007010165437512344,-0.055495069033529756
2026-03-17,PFE,1,2.320330719777444,27.04,27.46,close,0.01453254437869829,1.8712380952380958
2026-03-17,INTC,-1,1.460436765426559,44.58,44.15,close,0.008645580978017042,0.25524503311258173
2026-03-17,SOFI,1,1.2103435630830668,18.09,17.71,stop,-0.022006080707573192,-1.047605263157895
2026-03-17,BAC,1,1.1469109990878823,47.87,47.4,stop,-0.010818257781491515,-1.1018510638297874
2026-03-18,BABA,-1,2.095021122176141,137.725,134.74,close,0.02067362497730975,1.9841637630661886
2026-03-18,RKLB,-1,2.0165701754596093,74.29,69.44,close,0.06428469511374355,1.8439034749034857
2026-03-18,SOFI,1,1.7950041045723897,17.8493,17.27,stop,-0.03345505425983092,-1.030811841878129
2026-03-18,MU,-1,1.1414711183671231,461.32,467.98,stop,-0.01543683343449238,-1.069267267267267
2026-03-19,BABA,-1,6.011475711395056,121.22,123.32,stop,-0.01832387394819332,-1.0577238095238097
2026-03-19,GME,1,3.9945229224995806,23.13,23.26,close,0.004620406398616626,0.260658536585372
2026-03-19,RIVN,1,2.3055656186526066,16.78,16.3603,stop,-0.026011918951132442,-1.2470857142857161
2026-03-19,MU,1,2.2290623345626894,429.98,445.01,close,0.033955114191357674,1.6459999999999961
2026-03-20,WMT,-1,11.407878917105808,120.33,118.76,close,0.012047452838028699,1.4945051546391703
2026-03-20,AAPL,-1,8.469074674307167,246.92,248.73,stop,-0.008330309411955299,-1.1364198895027622
2026-03-20,AMZN,-1,6.0972407701935305,205.15,205.45,close,-0.0024623446258834167,-0.2122478991596571
2026-03-20,MSFT,-1,5.547984355089384,383.44,381.4,close,0.004320258710619707,0.46532584269663463
2026-03-20,GOOGL,-1,5.107468172233181,302.795,300.9,close,0.0052583596162421396,0.4967878315132751
2026-03-23,CVX,1,1.5769920147132817,199.85,204.73,close,0.023418313735301455,1.9500624999999936
2026-03-23,RIVN,1,1.5318987792514256,15.6,15.745,close,0.008294871794871768,0.446206896551724
2026-03-23,SOFI,-1,1.4698949805680552,16.95,17.24,stop,-0.018109144542772813,-1.0584482758620692
2026-03-23,PLTR,1,1.4231995614812458,157.53,160.67,close,0.01893271122960697,0.7001103286384959
2026-03-24,CVX,1,1.4793201411001466,206.98,206.44,close,-0.00360894772441778,-0.6425634408602113
2026-03-24,JPM,1,1.4090956512465582,287.63,292.41,close,0.01561857247157817,1.9878622947918034
2026-03-24,PFE,1,1.0560636908274983,26.63,27.0,close,0.012894104393541158,1.8072105263158165
2026-03-25,AMD,1,2.0447987573954336,216.15,220.14,close,0.017459403192227527,0.811580645161285
2026-03-25,HOOD,1,1.8769000460981067,74.03,72.75,close,-0.018290287721194128,-0.6126832579185504
2026-03-26,META,-1,1.3208044010245368,577.4,547.12,close,0.051441981295462375,5.304035714285688
2026-03-26,COIN,-1,1.1300373529241974,174.0237,173.34,close,0.0029287752185477474,0.163028596104016
2026-03-26,GOOGL,-1,1.1275692669667499,284.69,280.49,close,0.013752889107450168,1.154958702064898
2026-03-27,CRWD,-1,2.380745405078885,91.5125,92.485,close,-0.011626963529572425,-0.5060701545778837
2026-03-27,META,-1,1.4348723426525567,537.7901,525.09,close,0.02261534732602928,2.0934128369307086
2026-03-27,NFLX,-1,1.4339150850912787,93.82,93.22,close,0.005395224898742212,0.2876186146940132
2026-03-27,MSFT,-1,1.2227852451272092,359.55,357.25,close,0.005396884995132837,0.6749391304347866
2026-03-27,LCID,-1,1.1329153602445023,9.74,9.41,close,0.03288090349075976,3.2026000000000123
2026-03-30,DIS,1,1.7098902956021376,94.16,94.38,close,0.0013364485981308292,0.11871698113207416
2026-03-30,META,-1,1.560079086828232,532.1,537.2,stop,-0.010584664536741256,-1.1043333333333327
2026-03-31,RKLB,-1,2.0150968826517164,60.75,62.09,stop,-0.023057613168724338,-1.0453358208955223
2026-03-31,DIS,-1,1.7598035346576892,94.96,95.585,stop,-0.007581718618365628,-1.151936
2026-03-31,META,1,1.702168422365436,556.7,569.925,close,0.022756062511226707,1.2757603222557732
2026-03-31,TSM,1,1.384400772304581,324.1899,337.36,close,0.03962464623358097,4.217027805134264
2026-03-31,PFE,-1,1.3541595087971456,27.8,28.0,stop,-0.00819424460431652,-1.1390000000000005
2026-04-01,KO,-1,2.4799380268351157,75.755,76.205,stop,-0.006940201966866911,-1.1683444444444433
2026-04-01,DIS,1,1.6280171756694954,98.255,97.085,stop,-0.012907790952114414,-1.0839786324786322
2026-04-01,GOOGL,1,1.507928161833094,294.2159,296.72,close,0.007511096783008841,0.5806469166294645
2026-04-02,CVX,1,1.9269013896389726,203.58,201.405,stop,-0.01168376068376074,-1.0935999999999997
2026-04-02,TSM,1,1.4739251534243856,334.19,339.05,close,0.013542625452586894,0.6294589707927699
2026-04-02,HOOD,-1,1.4409752952658252,66.23,67.9176,stop,-0.02648089989430755,-1.0392450817729322
2026-04-02,TSLA,1,1.1614505933160224,367.5,363.65,stop,-0.011476190476190539,-1.095454545454545
2026-04-02,SOFI,-1,1.1460170069396558,15.01,15.22,stop,-0.01499067288474356,-1.07147619047619
2026-04-06,NFLX,-1,2.3820931878692004,100.54,98.745,close,0.016853590610702223,0.7899580419580442
2026-04-06,AMD,1,1.744563304314215,225.5576,219.15,stop,-0.02940782132812196,-1.035201573131906
2026-04-06,LCID,1,1.1789019570536035,9.7919,9.65,stop,-0.015491569562597625,-1.0690056377730797
2026-04-06,TSLA,1,1.148855080287628,367.6483,361.4424,stop,-0.0178799910131503,-1.05924173770122
2026-04-07,PFE,-1,2.070474056724236,27.222,27.105,close,0.0032979942693410064,0.1839713114754118
2026-04-07,JNJ,-1,1.5805484909559007,237.5,238.6,close,-0.005631578947368397,-0.4385245901639309
2026-04-07,INTC,1,1.5313366653717484,52.71,51.32,stop,-0.027370707645608054,-1.0379208633093526
2026-04-07,AVGO,-1,1.4663964879524356,322.76,329.99,stop,-0.02340054529681503,-1.0446417704011064
2026-04-08,DIS,1,4.590589991902629,98.69,98.96,close,0.0017358394974161112,0.17130999999999602
2026-04-08,TSM,-1,3.195019660873304,366.98,364.47,close,0.005839609787999321,0.2927622950819663
2026-04-08,HOOD,-1,2.96059236601503,76.0,71.81,close,0.05413157894736839,2.1999999999999935
2026-04-09,PLTR,-1,2.026731123216098,134.82,130.525,close,0.030857291203085502,0.9093289617486275
2026-04-09,INTC,1,1.7590852475794856,59.951,61.98,close,0.032844306183383035,1.2695351386202411
2026-04-09,META,-1,1.462326144315436,624.13,631.24,stop,-0.012391857465592127,-1.0877819971870604
2026-04-09,KO,1,1.1751383861392637,77.26,78.125,close,0.010195961687807335,0.8951590909090752
2026-04-09,AMZN,-1,1.0554084543977256,223.93,225.5,stop,-0.008011119546286756,-1.1426305732484083
2026-04-10,PLTR,-1,2.5986285142482948,126.0,128.85,stop,-0.023619047619047574,-1.0442105263157897
2026-04-10,AVGO,1,1.9089237805435035,371.21,371.72,close,0.0003738854017942613,0.0133580365736331
2026-04-10,TSM,-1,1.7776662459894608,374.06,376.1,stop (entry bar),-0.006453670534138963,-1.1833627450980373
2026-04-10,AMD,1,1.3234321858306917,243.69,245.63,close,0.006960933973490901,0.35787130801687644
2026-04-10,AMZN,1,1.320219810066162,237.67,237.89,close,-7.434678335507697e-05,-0.007182926829268817
2026-04-13,LCID,-1,1.8076142790224006,8.36,8.461,stop,-0.013081339712918767,-1.0827722772277222
2026-04-13,JNJ,-1,1.4181962239142225,237.1701,237.98,stop,-0.004414848667686184,-1.2928387455241392
2026-04-13,INTC,1,1.330786135478745,64.6,65.3,close,0.009835913312693543,0.26585774058577594
2026-04-13,AMZN,1,1.2452088185395453,238.2,239.32,close,0.0037019311502938896,0.7472881355932378
2026-04-14,JNJ,1,2.968405681423188,237.72,240.27,close,0.00972690560323074,0.5172885906040297
2026-04-14,HOOD,1,2.9136981066997603,77.275,78.94,close,0.020546425105143862,0.713584269662915
2026-04-14,JPM,1,2.3414128230620657,312.195,310.77,close,-0.005564454907990235,-0.5224646616541405
2026-04-15,LCID,-1,1.9074140918278948,8.61,8.265,close,0.0390696864111497,1.0193636363636327
2026-04-15,AVGO,1,1.7064343963085014,393.6599,395.91,close,0.004715847613638148,0.22947627288347594
2026-04-15,SOFI,-1,1.6259505752268528,18.19,18.53,stop,-0.01969158878504672,-1.0535
2026-04-16,AMD,1,2.653027927655627,268.71,263.46,stop,-0.020537791671318525,-1.0511828571428572
2026-04-16,RKLB,1,2.5955120817919535,79.53,82.9,close,0.041373946938262345,1.2511292775665437
2026-04-16,SOFI,-1,2.3263098275694625,19.34,19.04,close,0.014511892450879044,1.0023571428571414
2026-04-16,MSFT,-1,2.098775036440623,415.68,420.0,stop,-0.011392609699769036,-1.0962222222222222
2026-04-16,TSM,-1,2.0681423565010557,364.32,369.46,stop,-0.015108476064997767,-1.0708793774319068
2026-04-17,NFLX,-1,6.448902774996451,95.61,98.38,stop,-0.029971864867691624,-1.0345162454873646
2026-04-17,AAPL,1,4.893431324798095,268.4099,270.071,close,0.005188668897831389,0.8241257470856627
2026-04-17,WMT,-1,4.042816814282232,124.2,124.965,stop,-0.007159420289855077,-1.1623529411764704
2026-04-17,AMZN,-1,3.9800979320098295,252.2,250.29,close,0.006573354480570962,0.45295081967212714
2026-04-17,MSFT,-1,2.875663870531169,422.95,423.32,close,-0.0018748078969145396,-0.3359957627118644
2026-04-20,LCID,-1,2.3931028054482972,7.04,6.8,close,0.03309090909090912,1.3703529411764725
2026-04-20,SOFI,1,1.38116767339926,19.55,19.17,stop,-0.020437340153452634,-1.0514473684210528
2026-04-20,COIN,1,1.3159806249660337,204.78,211.63,close,0.0324505322785428,1.463704845814979
2026-04-21,LCID,1,8.61189215702156,7.5377,7.12,stop,-0.05641478169733473,-1.018045726598037
2026-04-21,JNJ,-1,3.6228975899142415,227.1114,225.93,close,0.004201852482966493,0.3700801209958886
2026-04-21,GME,1,2.3226097598046973,25.15,24.8601,stop,-0.012526838966202759,-1.0867540531217663
2026-04-21,PFE,-1,1.2437574272900989,27.28,27.56,stop,-0.01126392961876824,-1.0974285714285723
2026-04-21,AMZN,-1,1.2303363734587196,251.56,249.75,close,0.006195102560025451,0.4530348837209312
2026-04-22,RKLB,1,1.336018842101357,92.6299,90.49,stop,-0.024101611898533964,-1.0432870227580726
2026-04-22,AMD,-1,1.313579280244838,288.2001,292.79,stop,-0.016926087464924543,-1.0627900607856382
2026-04-22,MU,1,1.266233300982543,469.0,487.89,close,0.03927718550106607,2.3406607369758543
2026-04-23,GME,-1,2.959619042406163,25.71,25.0,close,0.026615713730066153,2.443892857142881
2026-04-23,TSLA,1,2.0166827037737365,379.59,371.2,stop,-0.023102795121051626,-1.0452431466030991
2026-04-23,LCID,-1,1.6800305264254085,6.61,6.245,close,0.054219364599092316,1.235827586206897
2026-04-23,KO,1,1.592587279654907,75.755,76.325,close,0.0065242558246981375,0.8306638655462325
2026-04-23,MSFT,1,1.3940519549218853,423.1,418.12,stop (entry bar),-0.012770267076341334,-1.0849598393574296
2026-04-24,AMD,1,2.6075792774466584,343.5,346.45,close,0.007588064046579297,0.29090401785714226
2026-04-24,TSM,1,1.345305492488757,397.4599,401.15,close,0.008284207035728568,0.9171954929106584
2026-04-24,AMZN,1,1.3442884865054758,260.7,264.275,close,0.012713080168776328,1.0992703150912118
2026-04-27,NOK,1,1.7034929485884862,11.1,10.7,stop,-0.03703603603603607,-1.02775
2026-04-27,TSM,-1,1.486676225124819,409.01,404.925,close,0.00898753086721591,0.6695792349726728
2026-04-27,KO,-1,1.4669401427658675,76.26,75.555,close,0.008244689221085736,1.3972000000000315
2026-04-27,AMD,-1,1.4130763874544083,337.41,335.41,close,0.004927506594351086,0.1408974576271192
2026-04-28,KO,1,8.857889337563774,79.83,78.85,stop,-0.013276086684203985,-1.0870051282051387
2026-04-28,AMD,1,1.7319969086484917,320.4899,323.0,close,0.006832072087139166,0.20873507850408748
2026-04-28,NVDA,1,1.4198493685548776,210.99,213.47,close,0.010754111569268636,0.8132652329749007
2026-04-28,TSM,-1,1.3860442450829569,386.14,392.5609,stop,-0.017628424923602885,-1.0601379868865735
2026-04-29,SOFI,-1,4.996292302374978,15.93,15.5299,close,0.024116133082234783,0.5820757575757576
2026-04-29,GME,-1,3.237204586731959,24.58,24.44,close,0.0046956875508542325,0.25091304347825394
2026-04-29,COIN,-1,3.200729920918746,179.21,180.84,close,-0.010095474582891555,-0.22308384710234264
2026-04-29,HOOD,1,2.6601161669596816,73.2,72.0,stop (entry bar),-0.01739344262295086,-1.061
2026-04-29,KO,1,1.3708219346217667,78.865,78.235,stop,-0.008988334495657078,-1.1251825396825406
2026-04-30,META,-1,6.768345927503247,602.0,613.18,close,-0.01957142857142849,-0.6280383795309146
2026-04-30,GOOGL,-1,4.8524492374900845,372.24,377.03,stop,-0.013868042123361176,-1.0777118997912325
2026-04-30,AMZN,-1,1.9912034399222822,266.52,265.335,close,0.0034461954074741195,0.12496326530612237
2026-04-30,MSFT,-1,1.746696705935616,410.02,410.06,close,-0.0010975562167699635,-0.10227727272727657
2026-04-30,JPM,1,1.389115839512135,310.12,313.57,close,0.010124725912549943,0.8844732394366136
2026-05-01,AAPL,1,3.2293902373284724,283.75,279.9,close,-0.014568281938326072,-0.7683550185873655
2026-05-01,PFE,-1,2.581991970846029,26.4,26.415,close,-0.0015681818181818396,-0.19714285714285903
2026-05-01,LLY,1,2.497292594060021,981.045,964.895,close,-0.017462037928943096,-0.45995556450530206
2026-05-01,GOOGL,1,1.3681281521398236,382.97,385.25,close,0.004953468940125787,0.483936224489787
2026-05-04,GME,1,13.806080521176618,25.64,24.8,stop,-0.03376131045241809,-1.0305238095238096
2026-05-04,RIVN,-1,2.967147575516788,14.67,14.635,close,0.0013858214042263219,0.04673563218390832
2026-05-04,DIS,-1,1.9878204451150507,101.675,101.42,close,0.0015079911482664909,0.14001004474476772
2026-05-04,BAC,-1,1.751518739762761,52.7,52.2,close,0.008487666034155596,1.242500000000002
2026-05-04,MU,1,1.707887001715723,571.47,578.29,close,0.010934134775228685,0.453120377084837
2026-05-05,PLTR,1,2.7027557317520348,142.88,138.7001,stop,-0.03025461926091828,-1.0341826359482285
2026-05-05,DIS,-1,2.4108658951709514,101.06,100.28,close,0.006718187215515546,1.0133432835820886
2026-05-05,GME,1,2.1845055101440067,23.44,24.235,close,0.03291638225255965,2.411124999999992
2026-05-05,MU,1,1.9434637150626803,617.5199,636.19,close,0.029234005414238547,1.4981518601814185
2026-05-05,INTC,1,1.3408534905988272,104.06,107.595,close,0.03297078608495096,0.8620452261306515
2026-05-06,DIS,1,10.611106011177533,108.09,108.035,close,-0.0015088352299010715,-0.05866546762590171
2026-05-06,AMD,1,3.7371521274932027,427.0,405.63,stop,-0.051046838407494154,-1.0199812821712682
2026-05-06,BABA,1,2.6943265597678003,138.61,141.7,close,0.021292763869850476,1.5782834224598756
2026-05-06,MU,-1,2.0324178504807002,641.05,660.7,stop,-0.031652835192262835,-1.032623409669211
2026-05-06,INTC,1,1.701000812699885,112.82,108.75,stop,-0.03707516397801802,-1.0277199017199017
2026-05-07,CVX,-1,1.8117830356384552,180.315,181.89,stop,-0.009734714250062327,-1.114485714285715
2026-05-07,CRWD,1,1.7643909329174452,123.5345,126.26875,close,0.02113349307278536,1.4568724888392977
2026-05-07,BABA,-1,1.5859744364160009,142.6,141.04,close,0.009939691444600298,1.0499259259259321
2026-05-08,RKLB,1,3.412044187618442,89.5715,103.71,close,0.15684596663001057,3.7954689990544397
2026-05-08,BAC,-1,2.006224850220731,52.475,51.27,close,0.02196331586469744,2.1542523364486086
2026-05-08,BABA,1,1.670006732381186,143.65,142.0,stop,-0.01248625130525587,-1.0870606060606058
2026-05-08,MU,1,1.6608203696795187,695.0,742.74,close,0.06769064748201441,2.501063264221167
2026-05-08,COIN,-1,1.5040734007398746,183.28,186.3,stop,-0.017477520733304292,-1.0606887417218542
2026-05-11,RKLB,1,2.379943695193587,110.11,117.38,close,0.06502488420670235,1.1718314238952532
2026-05-11,PFE,1,2.3288533027320977,26.005,25.82,stop,-0.008114016535281628,-1.1405675675675686
2026-05-11,BAC,-1,1.7505943105428985,50.67,51.36000000000001,stop,-0.014617525162818331,-1.0734347826086952
2026-05-11,JNJ,1,1.6570962056892027,221.9114,220.69,stop,-0.006503998442621644,-1.181686097920421
2026-05-12,RKLB,1,1.8401372460636103,119.68,118.24,close,-0.013032085561497424,-0.2234498567335259
2026-05-12,BAC,-1,1.587201942666421,50.56,50.815000000000005,stop,-0.006043512658227898,-1.1982745098039196
2026-05-12,GME,-1,1.5390132352711507,22.51,22.88,stop,-0.017437139049311302,-1.0608378378378382
2026-05-12,AVGO,-1,1.2284849236362672,418.761,419.43,close,-0.0025975699742812313,-0.23297515527950027
2026-05-13,BABA,1,4.743647252128284,134.15,145.51,close,0.08368132687290335,2.9698015873015824
2026-05-13,RKLB,-1,1.6726736232731014,122.11,124.25,close,-0.018525182212758992,-0.442682974559687
2026-05-13,NVDA,1,1.2931652178122026,226.88,224.12,stop,-0.013165021156558494,-1.082202898550725
2026-05-13,WMT,1,1.1994300976124614,130.02,131.37,close,0.009383017997231152,0.9759839999999955
2026-05-13,CRWD,1,1.0438305105704062,139.72,140.6375,close,0.005566704838247851,0.15167538526791813
2026-05-14,BABA,-1,4.193988332724007,139.33,142.2,stop,-0.021598578913370962,-1.269759493670889
2026-05-14,NOK,-1,2.100609785396363,14.59,15.15,stop,-0.039382453735435266,-1.0260535714285715
2026-05-14,NVDA,1,1.4935486130969962,232.18,235.82,close,0.014677491601343726,1.1873937282229898
2026-05-15,RIVN,-1,16.478835858666578,13.97,14.14,stop,-0.013168933428775943,-1.0821764705882353
2026-05-15,WMT,-1,6.029341196432975,132.1,131.35,close,0.004677517032551098,0.3340000000000011
2026-05-15,AVGO,-1,2.573341949417112,424.21,425.29,close,-0.0035459088658919896,-0.17389710982659365
2026-05-18,F,-1,2.1182282880364944,13.38,13.085,close,0.02104783258594917,0.4616721311475413
2026-05-18,BABA,-1,1.1560316305377465,133.04,133.98,stop (entry bar),-0.008065544197233897,-1.1415319148936172
2026-05-18,COIN,-1,1.1020912654199764,188.4,190.9199,stop (entry bar),-0.014375265392781354,-1.0747648716218896
2026-05-19,CRWD,-1,1.4576169645762214,153.755025,154.315,close,-0.004641994790089031,-0.3144219760129532
2026-05-19,KO,1,1.4496977506585056,81.73,81.875,close,0.0007741343447937846,0.13754347826085853
2026-05-19,MSFT,-1,1.380156808422219,425.28,417.2,close,0.017999247554552258,1.0316334231805886
2026-05-19,CVX,-1,1.3694801040481472,193.5,195.13,stop,-0.009423772609819098,-1.1187116564417183
2026-05-20,KO,-1,1.45402131217672,81.93,82.2899,stop,-0.005392774319541024,-1.22764656849125
2026-05-20,PFE,1,1.418399478405757,25.95,25.8,stop,-0.006780346820809194,-1.1730000000000016
2026-05-20,INTC,1,1.256364116638639,120.1,116.155,stop,-0.03384762697751868,-1.04770618556701
2026-05-20,CRWD,1,1.1432334251107088,157.007475,162.625,close,0.03477871053591557,1.5274281708263717
2026-05-21,WMT,-1,4.160994114159213,122.95,121.67,close,0.00941073607157382,0.4333520599250938
2026-05-21,NVDA,1,1.813652859736749,227.15,220.35,stop,-0.03093616552938592,-1.0334044117647059
2026-05-21,CVX,-1,1.3296085384494187,192.14,190.87,close,0.005609763713958478,0.5613854166666609
2026-05-22,WMT,-1,1.7932105764168247,120.81,120.44,close,0.002062660375796743,0.22052212389381023
2026-05-22,JNJ,1,1.3821231497307618,234.93,234.56,close,-0.0025749372153407593,-0.2737239819004536
2026-05-22,F,1,1.3747401013934901,14.175,14.875,close,0.048382716049382664,1.6933950617283886
2026-05-22,BABA,1,1.3478254658083393,129.45,129.79,close,0.0016264967168791306,0.08338613861386303
2026-05-22,RKLB,1,1.331852919054057,136.2499,136.6,close,0.0015695431703068967,0.0432903702504095
2026-05-26,SOFI,-1,2.9985929555034856,16.405,16.005,close,0.023382810118866327,0.703844036697254
2026-05-26,CVX,-1,1.6734137330789187,188.26,184.595,close,0.018467757356846873,1.576038077969159
2026-05-26,WMT,-1,1.563177340384642,119.02,118.81,close,0.0007644093429675159,0.045039603960393026
2026-05-26,F,1,1.4813736351455458,15.11,15.38,close,0.01686896095301134,0.7723939393939433
2026-05-27,JPM,-1,1.9291964201575007,303.46,298.855,close,0.01417498187570013,1.7738309278350686
2026-05-27,CRWD,1,1.8774379271654305,165.0,161.1175,close,-0.02453030303030299,-0.6016350798959491
2026-05-27,BAC,-1,1.7306559144162028,52.205,51.18,close,0.01863413466143087,3.4133157894736343
2026-05-27,MU,-1,1.7003781146726737,930.41,927.2699,close,0.002374963725669287,0.08581320388349364
2026-05-28,META,-1,1.910207364473749,632.1201,634.71,close,-0.005097164447072727,-0.29614427522312253
2026-05-28,HOOD,-1,1.6819311469127192,73.575,74.73,stop,-0.01669826707441388,-1.0637012987012986
2026-05-28,PLTR,1,1.053843712288274,135.815,142.5,close,0.04822136730110814,2.3265310834813526
2026-05-29,HOOD,1,2.438361653604218,87.215,93.74,close,0.07381511207934405,2.160330536912746
2026-05-29,PLTR,1,2.165759294387713,149.6,155.6,close,0.039106951871657754,1.535538057742781
2026-05-29,KO,1,1.9951378095534142,80.3,79.82,stop,-0.00697758405977589,-1.1672916666666653
2026-05-29,MSFT,1,1.4932062803036072,438.85,448.085,close,0.02004363677794225,1.3553389830508387
2026-06-01,DIS,-1,2.95552592677496,100.8416,101.8283,stop,-0.010784652365690341,-1.102200871592176
2026-06-01,MSFT,-1,2.4100605008410803,458.92,461.352,close,-0.006299398587989104,-0.42141690962098804
2026-06-01,TSM,1,2.0761677044005356,432.0,436.45,close,0.0093009259259259,0.42881536819637
2026-06-02,GOOGL,-1,3.0161523820630616,360.57,366.7,stop,-0.01800085974984052,-1.058820554649266
2026-06-02,AVGO,-1,2.219771198945656,480.5,481.44,close,-0.002956295525494272,-0.17073317307692296
2026-06-02,DIS,-1,1.801327411517256,101.72,101.19,close,0.004210381439244997,0.5562077922077966
2026-06-02,NFLX,-1,1.3834222506140414,84.2905,83.33,close,0.010395115701057608,0.5262835605742054
2026-06-03,GME,-1,9.390927651944091,22.72,22.195,close,0.02210739436619712,0.5232083333333314
2026-06-03,DIS,-1,2.5274296744104015,100.11,99.58,close,0.004294176405953463,0.7676607142857133
2026-06-03,AVGO,-1,1.7795425069406217,482.74,484.43,close,-0.004500849318473708,-0.17722185970636212
2026-06-03,META,1,1.59752040618954,613.73,623.13,close,0.014316181382692677,0.6527689450222848
2026-06-04,AVGO,1,4.560148365884715,415.19,420.19,close,0.011042679255280716,0.48964703369466617
2026-06-04,CRWD,1,3.8841458117505363,174.675,179.535,close,0.026823100042936796,0.7609135200974398
2026-06-04,NFLX,-1,1.9645493404543433,82.9,81.47,close,0.016249698431845677,1.6838750000000144
2026-06-05,KO,1,3.6252408194832646,78.23,79.7,close,0.017790745238399575,1.9065342465753305
2026-06-05,COIN,-1,1.9137541724414702,156.32,152.4,close,0.024076765609007084,1.6084102564102487
2026-06-05,CRWD,-1,1.6563571205613041,170.785,168.63,close,0.011618204174839719,0.34388474870017294
2026-06-05,AVGO,-1,1.4559761458460563,403.54,388.5,close,0.036270159092035535,2.102939655172423
2026-06-05,BAC,-1,1.3647200824771368,53.61,53.86,close,-0.005663309084126096,-0.48969354838709883
2026-06-08,DIS,-1,1.8988680048788504,98.81,99.1,close,-0.003934925614816233,-0.3947309644669972
2026-06-08,META,-1,1.6513113913862907,579.57,586.52,close,-0.012991648981141073,-0.6057578439259824
2026-06-08,AAPL,1,1.5556523311221497,315.17,308.522,stop,-0.022093378176857012,-1.0474082430806255
2026-06-09,JNJ,1,1.6198720075847357,233.33,236.87,close,0.014171645309218668,2.5833359374999914
2026-06-09,DIS,1,1.5331757411679954,99.42,99.22,close,-0.0030116676725005314,-0.32903296703297136
2026-06-09,AAPL,-1,1.3672995197568443,297.5901,291.575,close,0.0192127019682443,1.8267388414965273
2026-06-09,TSM,1,1.3344607230921417,437.45,430.79,stop,-0.01622459709681099,-1.0656831831831834
2026-06-09,CVX,-1,1.228710816526462,187.765,186.89,close,0.003660080419673528,0.4247697632733738
2026-06-10,CVX,1,1.8056132509362046,190.15,190.26,close,-0.00042150933473581267,-0.045800000000008445
2026-06-10,HOOD,1,1.7678221567511467,87.55,86.94,close,-0.007967447173043969,-0.20248185776487687
2026-06-10,KO,1,1.5514761093246305,82.88,83.53,close,0.006842664092664162,0.7561600000000076
2026-06-11,BABA,1,2.3633524758670004,111.45,110.25,stop,-0.011767160161507428,-1.0928749999999998
2026-06-11,INTC,1,1.6633607849158094,115.7595,112.36,stop,-0.030366920209572462,-1.0340519193999118
2026-06-11,JPM,1,1.2420841381150418,311.87,313.315,close,0.0036333408150831855,0.3789732441471537
2026-06-11,HOOD,1,1.0755092116553882,89.04,86.84,stop,-0.025707996406109646,-1.0404727272727272
2026-06-12,RKLB,-1,2.230718176845597,108.4083,102.71,close,0.05156331849129636,0.5607442996579297
2026-06-12,JNJ,-1,1.6756211888663044,237.89,240.51,stop,-0.012013493631510382,-1.090797709923664
2026-06-12,CVX,1,1.576783723522854,186.23,186.825,close,0.002194973956934967,0.22583977900552749
2026-06-12,BAC,1,1.3180550338153123,55.8,55.89,close,0.0006129032258065127,0.06333333333333975
2026-06-12,TSLA,1,1.27053447672001,403.41,396.58,stop,-0.01793066607173853,-1.0590644216691065
2026-06-15,CVX,-1,2.7974909959688268,178.1301,180.16,stop,-0.012395603550438686,-1.0877531405487957
2026-06-15,JNJ,-1,2.6582513167795336,234.37,235.65,close,-0.006461449844263349,-0.2951988304093572
2026-06-15,DIS,1,2.264593144233928,102.08,101.69,close,-0.004820532915360507,-0.3302550335570485
2026-06-15,HOOD,1,2.1601516584226297,100.41,98.06,stop,-0.02440404342196987,-1.0427276595744681
2026-06-15,BAC,-1,1.902389032305217,56.43,55.8,close,0.010164274322169105,1.5932500000000098
2026-06-16,JNJ,-1,2.083052706457864,234.5,235.14,close,-0.0037292110874199845,-0.5268072289156555
2026-06-16,JPM,1,1.6155100086758827,326.19,330.72,close,0.012887611514761425,1.9372396313364046
2026-06-16,HOOD,-1,1.2246682658910917,98.55,96.25,close,0.022338406900050706,0.6610960960960955
2026-06-16,GME,-1,1.0333367219584129,21.31,21.375,close,-0.004050211168465569,-0.2213076923076953
2026-06-17,BAC,1,1.8052186653435367,57.48,57.11,stop,-0.007437021572720902,-1.1553513513513525
2026-06-17,JPM,1,1.6457508105167022,335.37,333.33,close,-0.007082833884962938,-0.6137906976744232
2026-06-17,BABA,-1,1.456151602821058,109.15,107.62,close,0.01301740723774623,1.73274390243904
2026-06-17,NFLX,1,1.4036748080382813,78.35,77.625,stop,-0.01025335035098908,-1.1080689655172424
2026-06-17,JNJ,-1,1.1315366365700046,232.63,233.49,close,-0.004696857670979726,-0.3902389371049004
2026-06-18,WMT,-1,9.469166077444578,117.39,116.93,close,0.002918562058096889,0.37649450549450003
2026-06-18,AAPL,1,7.715174582210754,300.4599,297.96,stop,-0.009320245064316487,-1.120188767550701
2026-06-18,AMZN,-1,6.160161791934794,237.0375,240.88,stop,-0.017210515213837478,-1.0616883539362394
2026-06-18,NFLX,-1,5.058964914040631,76.51,77.63,stop,-0.01563860933211332,-1.0683125000000004
2026-06-18,MSFT,-1,4.85049222749107,375.69,379.521,stop,-0.011197237083765917,-1.098065779169929
2026-06-22,TSM,-1,1.422264054639978,469.71,465.29,close,0.008410061527325284,0.5571636107193148
2026-06-22,NOK,1,1.3986302263815287,14.08,13.83,stop,-0.01875568181818182,-1.0563200000000001
2026-06-22,NFLX,-1,1.379989515982746,75.7,76.65,stop,-0.013549537648612983,-1.0796842105263156
2026-06-22,BAC,1,1.106657065950277,57.22,57.345,close,0.0011845508563439358,0.1653170731707331
2026-06-23,PFE,-1,4.024792897550121,24.9,24.735,close,0.0056265060240963515,0.41820895522387697
2026-06-23,JNJ,1,1.8316673098629555,237.845,239.57,close,0.006252622506254049,0.5227258347978893
2026-06-23,BABA,1,1.8012221766303167,103.4141,102.16,stop,-0.013126973014318241,-1.0824608085479621
2026-06-23,KO,-1,1.6694413066983997,80.56,80.26,close,0.0027239324726911263,0.30907042253521
2026-06-24,DIS,1,2.3699242547080215,104.25,102.9,stop,-0.013949640287769731,-1.0772222222222225
2026-06-24,CVX,-1,1.7033600576524637,171.35,172.08,close,-0.005260285964400456,-0.3548622047244177
2026-06-24,PLTR,1,1.0915694202623825,116.63,113.9,stop,-0.02440735659778779,-1.0427216117216118
2026-06-24,SOFI,1,1.060952718798165,17.93,17.39,close,-0.031117122141661974,-0.7439066666666656
2026-06-25,JNJ,1,2.32187240874833,243.16,245.62,close,0.0091167955255799,0.9744351648351661
2026-06-25,MU,1,1.9934305732050932,1253.0,1220.25,stop,-0.027137270550678372,-1.038259541984733
2026-06-25,BABA,-1,1.8689491221874963,96.31,95.0475,close,0.012108711452601006,0.6588644067796641
2026-06-25,PLTR,-1,1.6003121186147342,108.76,107.86,close,0.007275101140125097,0.234094674556215
2026-06-25,AMZN,-1,1.2472614386272163,226.13,226.305,close,-0.0017738911245744103,-0.06480290791599541
2026-06-26,JNJ,1,2.1962561798247924,250.2,254.98,close,0.01810471622701839,1.9441201716738334
2026-06-26,TSM,-1,1.8538901375206664,419.995,425.43,stop,-0.013940630245598166,-1.0772759889604415
2026-06-26,CVX,-1,1.7654222207845707,171.36,170.905,close,0.0016552287581700076,0.3223181818181977
2026-06-26,BABA,1,1.685868684707937,93.63,94.9496,close,0.01309377336323837,0.7475426829268341
2026-06-26,PLTR,1,1.5510469368250703,110.3,113.05,close,0.023932003626473256,1.4424590163934439
2026-06-29,RKLB,1,1.7874083970383405,93.98,91.22,stop,-0.0303679506277932,-1.034050724637681
2026-06-29,BAC,1,1.7134003902786252,58.03,57.95,close,-0.002378597277270348,-0.32864285714285174
2026-06-29,GOOGL,1,1.1921279332454684,348.495,353.76,close,0.014107820772177468,0.6283073482428108
2026-06-29,CRWD,1,1.1896746032117937,181.122475,185.75,close,0.024549148442234964,0.8731362163595087
2026-06-30,JNJ,-1,1.904138998130359,256.69,254.86,close,0.006129222018777452,0.49320062695924305
2026-06-30,BAC,-1,1.6681494709190348,57.07,57.075,close,-0.0010876117049238227,-0.09404545454545891
2026-06-30,AMD,1,1.2607943732346385,561.21,582.02,close,0.03608059371714678,1.2639694132334562
2026-06-30,RKLB,1,1.1048205648011846,100.5,97.03,stop,-0.03552736318407959,-1.0289625360230548
2026-06-30,DIS,-1,1.0071787893648048,96.72,96.39,close,0.0024119106699751684,0.26509090909090854
2026-07-01,KO,-1,2.108005925621821,81.315,81.94,stop,-0.008686158765295457,-1.130104
2026-07-01,WMT,-1,2.075966287134676,109.01,108.82,close,0.0007429593615265748,0.04764117647059557
2026-07-01,TSM,-1,1.7677309968426944,461.36,447.27,close,0.02954014218831288,1.906103496503507
2026-07-01,PLTR,1,1.4093043080941696,122.7181,125.99,close,0.025661918657475854,0.9350024939877011
2026-07-02,RIVN,1,2.7318470270394246,18.3,18.615,close,0.016213114754098236,0.6055102040816255
2026-07-02,HOOD,1,2.6560019162523836,117.56,112.7,stop,-0.042340592038108193,-1.0241893004115226
2026-07-02,COIN,1,1.8861720574937668,171.1659,164.65,stop,-0.039067745970429786,-1.0262689574732577
2026-07-02,PLTR,1,1.6254726455243862,131.47,128.42,stop,-0.024199208945006552,-1.0431049180327867
2026-07-06,RIVN,1,2.0112741904328497,19.09,20.055,close,0.049550026191723405,1.3513000000000013
2026-07-06,PFE,-1,1.8748613795031002,23.75,23.815,close,-0.003736842105263212,-0.23355263157895134
2026-07-06,COIN,1,1.5369486299098043,164.99,169.05,close,0.02360755197284685,0.7965255623721861
2026-07-06,GME,-1,1.403590490268103,22.4,22.65,stop,-0.012160714285714285,-1.0896
2026-07-06,TSM,1,1.337697644088587,452.12,453.53,close,0.002118641068742741,0.14691411042944338
2026-07-07,RIVN,-1,4.693132159560501,17.32,18.0,stop,-0.04026096997690529,-1.0254705882352941
2026-07-07,KO,1,1.8856624259742139,84.82,84.3801,stop,-0.006186276821504297,-1.1928165492157332
2026-07-07,JNJ,1,1.7798846844247846,267.25,268.23,close,0.002666978484565082,0.22273437500000645
2026-07-07,PFE,1,1.416022023854627,24.22,24.05,stop,-0.00801899256812544,-1.1424705882352957
2026-07-07,AMD,-1,1.1483913802189132,510.71,522.39,stop,-0.023870121987037668,-1.0437251712328768
2026-07-08,RIVN,1,5.1003122541788235,15.82,16.765,close,0.0587345132743363,2.3867968147957854
2026-07-08,CVX,-1,1.7577376363699975,175.97,178.0,stop,-0.012536057282491339,-1.0866847290640393
2026-07-08,AVGO,1,1.4651185331127816,381.85,388.611,close,0.016705905460259178,1.2861189516128873
2026-07-08,PLTR,-1,1.1416429125084062,128.2401,131.01,stop,-0.02259932813527109,-1.0462977363803752
2026-07-09,KO,1,2.205330177460425,82.66,82.355,close,-0.004689813694652705,-0.5873636363636282
2026-07-09,BABA,1,1.4092881087478866,110.19,111.155,close,0.007757600508213118,0.6379179104477622
2026-07-09,AVGO,-1,1.40297113137417,399.6301,403.145,stop,-0.009795383530920104,-1.1136960084212937
2026-07-09,DIS,-1,1.312890289554205,95.5,96.04,close,-0.006654450261780171,-0.611057692307703
2026-07-09,AMD,1,1.3043017865866915,548.95,543.46,close,-0.011000910829765932,-0.4391963636363643
2026-07-10,META,1,3.926877874412199,677.08,667.76,close,-0.014764990843031917,-0.5242307288935514
2026-07-10,SOFI,1,2.1861966877971137,19.475,19.015,stop,-0.024620025673940994,-1.042336956521739
2026-07-10,JNJ,-1,1.3276707322368062,257.78,256.74,close,0.003034447978896593,0.22222159090907814
2026-07-10,BABA,1,1.2184118593091786,113.99,113.19,stop,-0.008018159487674332,-1.1424875000000003
2026-07-10,COIN,-1,1.1448879391718296,165.43,159.25,close,0.036357190352414956,2.3586549019608025
2026-07-13,AAPL,1,1.6099463916617354,320.65,316.45,stop,-0.014098393887416152,-1.0763452380952383
2026-07-13,DIS,1,1.484657596004494,97.2,96.01,stop,-0.01324279835390944,-1.0816806722689076
2026-07-13,NOK,-1,1.399734157200453,11.89,11.655,close,0.018764507989907586,0.656205882352945
2026-07-13,CVX,1,1.3091178744658263,180.5,182.09,close,0.007808864265927996,0.9491582491582425
2026-07-13,SOFI,1,1.2030594680315838,19.19,18.86,stop,-0.018196456487754135,-1.0581515151515148
2026-07-14,JPM,1,5.475754392108795,337.4,342.395,close,0.013804386484884426,0.3997939914163102
2026-07-14,JNJ,-1,2.4687330850848763,253.76,253.64,close,-0.000527112232030247,-0.05085931558935198
2026-07-14,BAC,1,2.1195283705336334,60.47,60.785,close,0.0042091946419711875,0.1361122994652396
2026-07-14,CVX,-1,1.5427032019329299,181.81,181.89,close,-0.0014400198008909526,-0.16885520799740997
2026-07-14,AMD,-1,1.4790929048561188,561.2267,549.25,close,0.020340217776524262,0.8799205522110839
2026-07-15,JNJ,1,3.074493789696602,256.315,247.695,stop,-0.03463049372842013,-1.0297349187935034
2026-07-15,JPM,1,2.3380310782830294,350.6,345.5201,stop,-0.015489161437535679,-1.0690171066359573
2026-07-15,BABA,1,2.0050016065451377,119.3,117.76,close,-0.01390863369656322,-0.7717674418604644
2026-07-15,BAC,1,1.6184779520174828,61.84,61.4701,close,-0.00698156532988359,-0.5914246575342451
2026-07-16,TSM,1,2.36473861471217,414.49,405.31,stop,-0.02314769958261962,-1.0451514161220044
2026-07-16,CVX,1,1.6892658576767186,183.505,183.94,close,0.0013705076155963178,0.16173311897106185
2026-07-16,NOK,-1,1.3588518894387867,10.74,10.365,close,0.03391620111731843,2.428399999999994
2026-07-16,GOOGL,-1,1.1421798011206497,369.82,353.22,close,0.043886701638634916,2.9780146788990822
2026-07-17,NFLX,1,7.187290875847809,66.9,68.82,close,0.027699551569506535,1.0181868131868022
2026-07-17,AAPL,1,3.819949098950199,333.51,331.295,stop,-0.007641480015591662,-1.1505688487584667
2026-07-17,WMT,-1,3.088311336199489,116.055,114.52,close,0.012226487441299477,1.2612844444444542
2026-07-17,NVDA,-1,3.0707416242350094,199.94,203.47,stop,-0.0186552965889767,-1.0566402266288952
2026-07-17,GOOGL,-1,2.8745579182656464,344.8,348.5,stop,-0.011730858468677462,-1.0931891891891896
2026-07-20,DIS,-1,1.556348428580465,97.23,96.31,close,0.008462100174843171,0.7949468599033749
2026-07-20,GME,-1,1.4226469577174288,21.76,21.725,close,0.0006084558823529476,0.06149558755225356
2026-07-20,BAC,-1,1.2822543925921404,60.94,60.44,close,0.007204791598293404,0.805023835716904
2026-07-21,COIN,1,2.0831709424897453,174.339,175.78,close,0.007265505710139455,0.19370867105062012
2026-07-21,TSM,-1,1.2698533267216272,414.99,419.38,stop,-0.01157856815826884,-1.0945307517084284
2026-07-21,MU,1,1.2589022308296214,936.78,922.8,stop,-0.01592346121821561,-1.067008583690987
2026-07-22,DIS,-1,1.5680583136451525,96.48,97.24,stop,-0.008877280265339873,-1.1269473684210543
2026-07-22,RKLB,1,1.5580323338292092,71.9099,70.3,stop,-0.023387737988788695,-1.04466730852848
2026-07-22,CRWD,-1,1.060796743972879,189.16,188.32,close,0.0034406851342778785,0.15030946882217128
2026-07-22,WMT,-1,1.0241995014688157,109.1,109.19,close,-0.0018249312557287204,-0.22122222222222457
2026-07-23,TSLA,-1,3.968239544975767,335.69,321.08,close,0.04252229735768123,2.2621727416798745
2026-07-23,DIS,-1,2.8342569723481734,93.61,92.89,close,0.006691485952355506,0.5219916666666645
2026-07-23,CVX,1,2.0962598089119617,196.96,195.995,stop,-0.005899471974004891,-1.2041036269430045
2026-07-24,INTC,1,2.0877966179973244,101.3,98.81,stop (entry bar),-0.0255804540967423,-1.0406827309236948
2026-07-24,TSLA,1,1.3910969876562587,322.68,317.5,stop,-0.017053055658857095,-1.0622934362934362
2026-07-24,GOOGL,1,1.0681046209349914,320.46,320.57,close,-0.0006567434313174386,-0.06723961661341427
2026-07-27,DIS,1,1.5936969751975987,96.63,96.73,close,3.487529752673629e-05,0.0030197132616563874
2026-07-27,CVX,1,1.5564659856802348,191.53,189.81,close,-0.009980316399519653,-0.6683671328671293
2026-07-27,BAC,1,1.4182360504512128,62.7,62.3,stop,-0.007379585326953838,-1.1567499999999977
2026-07-27,SOFI,1,1.374792228901379,17.215,16.9,stop,-0.019297995933778758,-1.0546507936507934
2026-07-27,KO,-1,1.1218777770200583,82.675,83.26,stop,-0.008075899606894563,-1.1413247863247846
2026-07-28,PLTR,-1,2.006535023827731,123.2,122.985,close,0.0007451298701298978,0.023065326633166662
2026-07-28,DIS,1,2.0004360289071017,98.1,98.78,close,0.005931702344546451,0.5338532110091858
2026-07-28,AAPL,-1,1.5950141113431555,337.71,339.84,close,-0.007307186639424345,-0.4763918918918904
2026-07-28,NOK,-1,1.5846035900014455,8.75,8.895,close,-0.017571428571428523,-0.4745370370370359
2026-07-29,SOFI,-1,5.500771378667938,15.065,15.77,stop,-0.047797212080982414,-1.021368794326241
2026-07-29,KO,1,1.4473027927692788,89.8,89.24,close,-0.007236080178173745,-0.560172413793107
2026-07-29,CVX,1,1.0127167021085333,193.3618,192.36,stop,-0.006180961286044992,-1.193014374126577
2026-07-30,MSFT,1,7.874610929413465,447.77,453.95,close,0.012801728566004884,0.37392237442922455
2026-07-30,META,1,3.3342800790424025,535.47,537.07,close,0.0019880292079855503,0.09686351228389643
2026-07-30,HOOD,-1,2.464388790967754,86.5,87.05,close,-0.007358381502890141,-0.10546810273405095
2026-07-30,NOK,-1,1.521706420216903,9.05,9.166,stop,-0.013817679558011012,-1.0780172413793105
2026-07-30,AMD,1,1.4916650261084932,466.275,486.24,close,0.04181807945954647,2.2686125654450375
2026-07-31,AMZN,1,5.283524801989737,268.63,272.47,close,0.0132947548672897,0.5431741444866979
2026-07-31,COIN,-1,4.543519104655405,147.22,148.31,close,-0.008403885341665557,-0.19152012383900957
2026-07-31,AAPL,-1,4.424857171129532,300.55,306.9,stop,-0.022127932124438417,-1.0473307086614176
2026-07-31,RIVN,-1,2.735068037769597,16.26,15.335,close,0.05588806888068885,0.9877608695652202
2026-08-03,CVX,-1,4.433444568437569,193.87,193.05,close,0.003229638417496225,0.314638190954769
2026-08-03,BABA,1,3.771121742860378,128.38,127.4,close,-0.008633587786259462,-0.47366666666666446
2026-08-03,AMZN,1,3.4649078387362633,284.94,285.12,close,-0.0003682880606443223,-0.015121037463975969
2026-08-03,MSFT,1,2.1113464841206397,486.21,488.595,close,0.003905287838588363,0.16938509710167327
2026-08-03,DIS,1,1.793022116265903,98.8001,97.55,stop,-0.013652821201598008,-1.079033757299416
2026-08-04,PLTR,1,6.887280849462658,149.85,162.62,close,0.08421855188521862,1.9208751902587555
2026-08-04,JPM,1,2.2383468695938045,358.38,358.3,close,-0.0012232267425637147,-0.0972664743731936
2026-08-04,AMZN,1,2.1380512820512823,279.99,277.42,close,-0.010178899246401633,-0.6968190709046385
2026-08-04,NOK,1,2.0826387798778927,10.08,9.89,stop,-0.0198492063492063,-1.0530526315789475
2026-08-05,DIS,-1,4.925718733567242,100.175,101.86,close,-0.017820564012977314,-0.5920978441127701
2026-08-05,AMD,1,2.8579646785060713,494.6,480.44,stop,-0.029629195309340932,-1.0349293785310734
2026-08-05,NVDA,1,2.553461834850146,219.6,220.28,close,0.002096539162112964,0.14387500000000267
2026-08-05,PLTR,1,2.13685277019932,165.92,160.7,stop,-0.0324609450337512,-1.031785440613027
2026-08-06,PFE,-1,1.8804766048088895,25.89,26.11,stop,-0.009497489378138234,-1.1176818181818189
2026-08-06,F,-1,1.7164555939648585,14.02,13.7901,close,0.015398002853066969,1.5419999999999858
2026-08-06,LCID,1,1.460218979907876,7.048,6.935,close,-0.017032917139614138,-0.2679642857142865
2026-08-06,DIS,1,1.3524880113504338,104.08,104.665,close,0.004620676402767179,0.3102709677419412
2026-08-07,COIN,1,1.4909209496165157,149.51,153.615,close,0.026456357434285455,1.0039314720812234
2026-08-07,PLTR,1,1.2743942806452944,164.26,172.01,close,0.04618129794228662,1.7682789808620294
2026-08-07,WMT,1,1.1074627690043555,111.2,111.89,close,0.005205035971223001,0.8268571428571363
2026-08-10,PFE,1,1.9657624030210472,26.7,27.015,close,0.01079775280898881,1.6016666666666761
2026-08-10,DIS,-1,1.805579815582222,104.12,103.19,close,0.0079320015366885,1.3997966101695285
2026-08-10,PLTR,1,1.580414492556142,175.57,175.3,close,-0.0025378481517342472,-0.09480212765957083
2026-08-10,GME,-1,1.480874757317118,19.34,18.8158,close,0.026104446742502608,1.8698518518518563
2026-08-11,INTC,1,3.1617487082772664,97.67,97.345,close,-0.004327531483567143,-0.18218534482758686
2026-08-11,RKLB,1,2.4109826694069394,80.09,80.06,close,-0.0013745785990760537,-0.026982843137255193
2026-08-11,GME,1,1.0257248594514137,18.78,18.89,close,0.0048572949946751555,0.4560999999999906
2026-08-12,NOK,-1,1.9451643994258994,10.33,10.325,close,-0.0005159728944820153,-0.031352941176466004
2026-08-12,NVDA,1,1.1354695284036382,222.45,223.47,close,0.0035853000674309294,0.3544666666666712
2026-08-12,MU,-1,1.1124343821100517,905.08,920.78,stop,-0.018346532903168705,-1.0576484076433124
2026-08-12,GME,-1,1.0410399129111327,18.44,18.5,close,-0.004253796095444616,-0.2178888888888857
2026-08-13,DIS,1,1.6133981611109007,104.21,104.68,close,0.003510123788504108,0.5151971830986042
2026-08-13,NVDA,1,1.3432192724713494,226.87,224.135,stop,-0.013055362101644173,-1.0829506398537472
2026-08-13,NFLX,1,1.3376429749957848,76.48,78.25,close,0.02214330543933049,1.644194174757276
2026-08-13,HOOD,1,1.091338394663609,98.7,99.56,close,0.007713272543059772,0.3339035087719294
2026-08-13,RKLB,1,1.0791902776489368,81.52,80.03,close,-0.01927772325809611,-0.4124832672773551
2026-08-14,TSLA,1,1.164819546791694,345.62,342.01,stop,-0.011444997395984067,-1.0957396121883651
2026-08-14,AVGO,-1,1.095923594820971,407.34,393.22,close,0.033663917120832595,2.6574922480619927
2026-08-14,MU,-1,1.095387192714907,957.368,970.75,close,-0.014977906092536984,-0.5384262541303686
2026-08-14,NFLX,-1,1.004121464240033,77.77,78.19,close,-0.006400540054005423,-0.5185104166666642
2026-08-17,RIVN,-1,8.542742440036815,15.13,14.815,close,0.01981956378056849,1.3037826086956652
2026-08-17,CRWD,1,1.27577659778998,218.96,215.3701,stop (entry bar),-0.017395232005845817,-1.060993342432937
2026-08-17,MU,1,1.0870422595938576,1019.5,1014.5,close,-0.005904364884747425,-0.2463978714695052
2026-08-17,AVGO,-1,1.0205393891527346,395.0,397.95,stop,-0.008468354430379719,-1.1338983050847464
2026-08-18,META,-1,2.0624839535930826,549.74,543.95,close,0.009532251609851862,0.4798772893772878
2026-08-18,PFE,1,1.999029326910114,27.29,27.12,stop,-0.007229388054232252,-1.1605294117647076
2026-08-18,JPM,-1,1.8811691168067977,360.267,362.3478,stop,-0.006775716343711777,-1.1731386966551318
2026-08-18,NOK,1,1.5732736196174018,10.465,10.221,stop,-0.024315814620162426,-1.0828297872340442
2026-08-19,JPM,-1,2.60449462470579,358.88,357.39,close,0.003151805617476619,0.27454368932039025
2026-08-19,PFE,1,2.5426749729789915,27.89,28.2,close,0.010115095016134768,0.9100322580645052
2026-08-19,AVGO,-1,1.8090243075123327,369.05,362.44,close,0.016910852188050437,1.2841460905349786
2026-08-19,BAC,-1,1.4249185586287412,63.8,63.16,close,0.009031347962382454,0.9098373598610382
2026-08-20,WMT,-1,6.560925307822363,104.32,103.935,close,0.00269056748466249,0.10672243346007221
2026-08-20,BABA,-1,2.444318288305762,122.04,124.4203,stop,-0.020504260898066135,-1.0512708482124105
2026-08-20,PFE,-1,1.9100928872256824,27.86,28.09,stop,-0.009255563531945458,-1.1211304347826085
2026-08-20,HOOD,-1,1.7942728936911818,96.77,94.64,close,0.0210109538079983,0.4200888429752054
2026-08-21,BABA,-1,6.413987580487195,123.1,119.75,close,0.026213647441104746,1.2856175298804733
2026-08-21,WMT,-1,4.097871720113644,103.2301,103.57,close,-0.00429264429657629,-0.4220688637013017
2026-08-21,COIN,1,3.8859404793031844,183.88,186.41,close,0.012758973243419628,0.5013076923076918
2026-08-21,AAPL,-1,3.6611282447447357,307.68,309.93,close,-0.008312792511700468,-0.5441872340425545
2026-08-24,BABA,1,4.036153676683906,118.87,118.92,close,-0.0005793724236561188,-0.027882591093118574
2026-08-24,COIN,-1,2.8937668714267217,186.81,179.38,close,0.03877303142230077,1.4403702746236655
2026-08-24,HOOD,1,1.9495651232715483,108.6,105.76,stop,-0.027151012891344285,-1.0382394366197185
2026-08-24,TSM,-1,1.5688028803631329,409.092,409.45,close,-0.0018751087774877145,-0.1487188832880965
2026-08-24,CRWD,1,1.5452041799503453,194.88,189.52,stop,-0.028504105090311913,-1.036358208955224
2026-08-25,AMD,1,1.1517777812300487,478.12,480.28,close,0.0035176943026854514,0.18584309392264817
2026-08-25,HOOD,1,1.1137494886372483,106.1698,112.06,close,0.054479053365458045,1.7164313015609267
2026-08-25,BABA,1,1.0687772631200252,118.47,119.26,close,0.005668354857769953,0.6275981308411314
2026-08-26,META,-1,3.1071873826133056,580.52,576.84,close,0.005339144215530818,0.2430964705882314
2026-08-26,CRWD,1,1.1294070533728595,185.14,188.68,close,0.01812066544236805,0.8875291005291056
2026-08-27,CRWD,1,5.103799813381479,216.87,228.54,close,0.052811038871213106,1.0733955014058079
2026-08-27,NVDA,-1,3.571857033156976,221.22,225.5,stop,-0.020347256125124318,-1.0516869158878506
2026-08-27,JNJ,-1,3.5245001724015257,266.0,265.87,close,-0.0005112781954887389,-0.06737342712771478
2026-08-27,DIS,-1,2.3965418768566114,107.432,107.07,close,0.0023695733114901425,0.177029207232273
2026-08-27,AVGO,1,1.5275992965206397,366.6,370.45,close,0.009501909438079558,0.5815358931552522
2026-08-28,CRWD,-1,1.900616319881774,218.3,217.6338,close,0.00205176362803483,0.0439333006375678
2026-08-28,RIVN,-1,1.204392652577523,16.27,16.045,close,0.012829133374308414,0.45376086956521194
2026-08-28,TSM,1,1.1675430884076146,427.9,426.0305,stop,-0.005369011451273568,-1.228884728537047
2026-08-28,NVDA,-1,1.1494674480672264,226.05,217.3,close,0.037708250387082504,6.066868327402131
2026-08-31,CRWD,1,2.434585561172041,233.84,232.23,close,-0.007885049606568651,-0.14360124610592
2026-08-31,TSM,1,1.695266764704575,421.99,417.23,stop,-0.01227988814900825,-1.0886533613445382
2026-08-31,CVX,1,1.484767322658427,206.5,205.32,stop,-0.006714285714285747,-1.174999999999999
2026-08-31,TSLA,1,1.209598465719118,354.855,368.71,close,0.038044116611010016,1.7521278390655273
2026-08-31,JNJ,-1,1.1983572118343997,265.7672,267.29,stop,-0.006729826705477643,-1.1745253480430764
2026-09-01,CVX,1,2.9234080393393373,209.74,208.47,stop,-0.007055115857728665,-1.1651496062992113
2026-09-01,TSLA,-1,1.9167516762570689,355.66,355.91,close,-0.00170291851768543,-0.08603247205215998
2026-09-01,HOOD,1,1.622172356541088,106.431,103.35,stop,-0.029948332722609043,-1.0345443037974684
2026-09-02,JNJ,1,3.1154303847679494,277.66,273.7601,stop,-0.015045595332420954,-1.0711966973512141
2026-09-02,AAPL,-1,1.2999237695695085,325.51,325.28,close,-0.00029341648490056166,-0.033048442906568255
2026-09-02,PLTR,-1,1.234015499175009,173.7,177.06,stop,-0.02034369602763393,-1.0516964285714283
2026-09-02,CVX,1,1.2285320849907246,211.66,212.1,close,0.001078805631673428,0.10379090909090861
2026-09-03,AVGO,-1,3.7112866610205693,345.58,353.6499,stop,-0.024351756467388214,-1.0428233311441282
2026-09-03,HOOD,1,3.2749379173046176,118.9,124.24,close,0.04391169049621521,0.9001896551724101
2026-09-03,KO,1,3.161520927697924,88.92,89.08,close,0.0007993702204228137,0.07854143646408453
2026-09-03,TSLA,1,2.4409550212860736,373.51,377.63,close,0.010030494498139284,0.491020969855833
2026-09-03,SOFI,1,1.891872361869939,18.63,18.515,close,-0.007172839506172756,-0.21211111111110895
2026-09-04,TSLA,-1,2.5131660963398557,358.56,355.355,close,0.00793853190539933,0.4643458401305034
2026-09-04,MU,1,1.735444506026561,994.74,1012.01,close,0.01636132054607232,0.6322944832944823
2026-09-04,BAC,-1,1.589703495355477,62.5298,62.69,close,-0.003561978448675609,-0.5733070785070677
2026-09-04,CVX,-1,1.4746750158528852,208.42,208.54,close,-0.001575760483638828,-0.2278795448237597
2026-09-08,JNJ,-1,3.1803331830262427,267.34,269.38,close,-0.008630732400688339,-0.4972715517241437
2026-09-08,DIS,-1,2.2843739450533342,104.02,104.97,close,-0.010132859065564343,-1.0333529411764633
2026-09-08,INTC,1,2.116882383846256,103.24,104.59,close,0.012076327005036892,0.5173278008298798
2026-09-08,NFLX,-1,1.918988201474203,76.32,76.665,close,-0.005520440251572499,-0.2988085106383049
2026-09-09,GOOGL,-1,1.8538294038352678,328.15,330.69,close,-0.008740362639037089,-0.7751756756756717
2026-09-09,RKLB,-1,1.6839493858021135,66.43,63.28,close,0.046418335089568045,2.4280078740157602
2026-09-09,CVX,1,1.625782942024709,213.895,212.55,stop,-0.007288132027396615,-1.1590297397769518
2026-09-10,CVX,-1,2.7641448949079583,215.21,212.9907,close,0.009312253148087934,0.9151095890410987
2026-09-10,AAPL,1,1.7802658737788382,320.8599,325.635,close,0.013882196248269134,1.0358938812530594
2026-09-10,META,1,1.4645446967076068,661.1799,647.5,stop,-0.021690132897264385,-1.04833221734077
2026-09-10,KO,1,1.3795068839699842,88.91,88.03,stop,-0.01089764930828923,-1.1010340909090914
2026-09-11,GME,1,2.9617052955908805,21.3,20.88,stop,-0.02071830985915501,-1.0507142857142855
2026-09-11,RIVN,1,1.702730713272095,16.54,16.226,stop,-0.019984280532043538,-1.052675159235669
2026-09-11,AAPL,1,1.6365616482948344,332.28,332.425,close,-0.0005636210424941656,-0.03131772575250209
2026-09-11,JPM,1,1.564116692043036,359.55,357.83,stop,-0.00578375747462113,-1.2090406976744152
2026-09-14,CRWD,1,2.8418642462756942,223.34,235.77,close,0.054655055072982926,1.7024630404463013
2026-09-14,GOOGL,1,2.237825566026121,344.88,349.1,close,0.01123614010670386,1.4904307692307666
2026-09-14,COIN,1,1.8115854906561966,189.4395,192.32,close,0.014205382193259501,0.2941210448658373
2026-09-14,RKLB,1,1.7773659486717068,63.2,62.16,close,-0.017455696202531745,-0.41318352059925306
2026-09-14,WMT,1,1.7435934077065383,109.2,109.32,close,9.890109890101041e-05,0.008571428571420868
2026-09-15,RIVN,-1,2.0985501699831564,15.4,15.83,stop,-0.028922077922077905,-1.0358139534883721
2026-09-15,BAC,-1,1.9245113756032044,59.0,59.46,stop,-0.008796610169491539,-1.128260869565217
2026-09-15,JPM,-1,1.6534257684976676,348.815,351.7251,stop,-0.009342817826068259,-1.119863578571183
2026-09-15,COIN,-1,1.6456776194485805,179.6005,172.09,close,0.04081781231121298,1.6166941228360436
2026-09-15,RKLB,1,1.486186952307967,65.2,63.64,stop,-0.024926380368098196,-1.0417948717948717
2026-09-16,JPM,-1,3.4920245736797155,352.09,348.655,close,0.008756028288221768,0.878321937321926
2026-09-16,BAC,-1,2.172237419171067,58.6,57.765,close,0.013249146757679194,0.9827848101265844
2026-09-16,TSM,1,1.8015471365875624,419.55,417.825,stop,-0.005111548087236378,-1.2432173913043447
2026-09-16,INTC,1,1.4691270948122686,103.39,101.205,stop,-0.022133571912177217,-1.0473180778032036
2026-09-17,JPM,-1,2.298809370128,351.1801,349.02,close,0.0051509749555854675,0.7831161089224549
2026-09-17,CVX,1,1.667729812751217,210.89,211.365,close,0.0012523590497416793,0.15355232558140866
2026-09-17,MSFT,-1,1.4959845068740754,494.28,498.125,close,-0.008778991664643578,-0.6035159944367169
2026-09-17,COIN,-1,1.3210347642671652,167.5322,170.14,stop,-0.016565962841770105,-1.064242733338446
2026-09-17,AMZN,1,1.230243185765401,251.9,251.57,close,-0.0023100436681223204,-0.3636875000000091
2026-09-18,WMT,1,11.556204008794762,107.3465,107.18,close,-0.002551051967227615,-0.23475910844406292
2026-09-18,AMZN,-1,7.3336194702582675,252.01,254.25,stop,-0.009888536169199671,-1.112504464285714
2026-09-18,AAPL,-1,7.17037501332465,336.25,336.19,close,-0.0008215613382899561,-0.12332589285714135
2026-09-18,MSFT,-1,7.105149415561684,494.87,494.07,close,0.0006165861741467685,0.08072222222222582
2026-09-21,CRWD,1,3.521821445079057,237.2,249.3,close,0.05001180438448576,1.8681574803149659
2026-09-21,COIN,-1,3.2882528901361456,203.41,201.07,close,0.010503859200629288,0.43426626016260095
2026-09-21,RIVN,1,2.5863544790915403,15.56,15.37,close,-0.013210796915167178,-0.5555675675675696
2026-09-21,RKLB,1,2.497470569498772,69.14,69.48,close,0.003917558576800743,0.06998966408268814
2026-09-21,AMD,1,2.4846927949847437,589.88,615.94,close,0.04317847697836858,3.3469277266754287
2026-09-22,BABA,-1,4.948679388836549,118.77,116.44,close,0.018617748589711193,1.3565828220858804
2026-09-22,GME,1,3.372525152451139,23.94,24.03,close,0.002759398496240595,0.10251396648044654
2026-09-22,SOFI,-1,3.0732913938460222,17.58,17.25,close,0.01777133105802038,0.8221578947368321
2026-09-22,META,1,1.6599057206963554,747.31,739.16,close,-0.011905782071697124,-0.5139982668977473
2026-09-22,NOK,1,1.6457151325702744,10.69,10.52,stop,-0.016902712815715617,-1.0628823529411766
2026-09-23,BABA,1,1.9081660418519122,112.25,111.73,stop,-0.005632516703786156,-1.2158653846153862
2026-09-23,JPM,1,1.2037490396927017,339.91,337.65,close,-0.007648818804977928,-0.8876442471833461
2026-09-23,GME,1,1.1971753592180796,24.17,24.195,close,3.434009102186919e-05,0.002677419354834104
2026-09-23,RIVN,-1,1.183558482559508,14.87,15.035,close,-0.012096166778749223,-0.5995666666666684
2026-09-24,META,1,1.4187856904803389,760.7799,779.06,close,0.023028105895016346,0.9856767563674782
2026-09-24,BAC,-1,1.1859065456596578,56.045,56.47,stop,-0.008583192077794578,-1.131870588235295
2026-09-24,DIS,1,1.1008065697146532,105.4,105.59,close,0.0008026565464895419,0.059036985345427874
2026-09-24,PLTR,1,1.0789449737456163,191.91,189.2,stop,-0.01512120264707419,-1.0708154981549813
2026-09-25,TSLA,-1,1.8823236100484035,370.26,372.07,close,-0.00588845676011452,-0.13157875678937858
2026-09-25,META,-1,1.504990172376666,754.51,752.42,close,0.001770009675153453,0.08786118421052815
2026-09-25,MSFT,1,1.4252245233268408,509.15,516.17,close,0.01278768535794949,0.5494388185654009
2026-09-25,JPM,-1,1.3418102966128533,339.42,341.3,stop,-0.006538860408932872,-1.18054255319149
2026-09-25,RIVN,-1,1.120631618278897,15.31,15.4,close,-0.006878510777269749,-0.3097352941176467
2026-09-28,GME,1,1.3209217583075978,23.78,24.01,close,0.008671993271656873,0.365832889835019
2026-09-28,KO,-1,1.0367905120106546,87.175,87.64,stop,-0.006334098078577613,-1.1874731182795686
2026-09-29,RIVN,-1,1.4964039463558994,14.744,14.97,stop,-0.016328269126424367,-1.065238938053097
2026-09-29,TSM,-1,1.095527376047611,448.26,452.3028,stop,-0.010018872975505286,-1.1108785989907983
2026-09-30,HOOD,-1,2.494394875768437,116.31,112.44,close,0.032273149342274994,0.5227980501392769
2026-09-30,COIN,-1,1.1512825457681064,190.23,186.92,close,0.0163999894864112,0.3701233835567685
2026-09-30,BABA,-1,1.1195646612274517,107.8,108.61,stop,-0.008513914656771822,-1.133086419753086
2026-09-30,INTC,1,1.0687954163727,120.07,120.19,close,-5.829932538973723e-07,-1.7199017197901133e-05
